EVT_NAME,EVT_FUEL_N,EVT_LF,EVT_PHYS,EVT_GP_N,SAF_SRM,EVT_ORDER,EVT_CLASS,EVT_SBCLS,COUNT
North Pacific Oak Woodland,Tr North Pacific Oak Woodland,Tree,Hardwood,Western Oak Woodland and Savanna,SAF 233: Oregon White Oak,Tree-dominated,Open tree canopy,Deciduous open tree canopy,412
Rocky Mountain Aspen Forest and Woodland,Tr Rocky Mountain Aspen Forest and Woodland,Tree,Hardwood,"Aspen Forest, Woodland, and Parkland",SAF 217: Aspen,Tree-dominated,Open tree canopy,Deciduous open tree canopy,67
Central and Southern California Mixed Evergreen Woodland,Tr Central and Southern California Mixed Evergreen Woodland,Tree,Conifer,California Mixed Evergreen Forest and Woodland,SAF 249: Canyon Live Oak,Tree-dominated,Open tree canopy,Evergreen open tree canopy,17553
California Coastal Redwood Forest,Tr California Coastal Redwood Forest,Tree,Conifer,Redwood Forest and Woodland,SAF 232: Redwood,Tree-dominated,Open tree canopy,Evergreen open tree canopy,129627
Columbia Plateau Western Juniper Woodland and Savanna,Tr Columbia Plateau Western Juniper Woodland and Savanna,Tree,Conifer,Juniper Woodland and Savanna,SRM 107: Western Juniper-Big Sagebrush-Bluebunch Wheatgrass,Tree-dominated,Open tree canopy,Evergreen open tree canopy,168
Great Basin Pinyon-Juniper Woodland,Tr Great Basin Pinyon-Juniper Woodland,Tree,Conifer,Pinyon-Juniper Woodland,SRM 412: Juniper-Pinyon Woodland,Tree-dominated,Open tree canopy,Evergreen open tree canopy,3223
Mediterranean California Dry-Mesic Mixed Conifer Forest and Woodland,Tr Mediterranean California Dry-Mesic Mixed Conifer Forest and Woodland,Tree,Conifer,Douglas-fir-Ponderosa Pine-Lodgepole Pine Forest and Woodland,SAF 243: Sierra Nevada Mixed Conifer,Tree-dominated,Open tree canopy,Evergreen open tree canopy,6149
Mediterranean California Mesic Mixed Conifer Forest and Woodland,Tr Mediterranean California Mesic Mixed Conifer Forest and Woodland,Tree,Conifer,Douglas-fir-Grand Fir-White Fir Forest and Woodland,SAF 211: White Fir,Tree-dominated,Closed tree canopy,Evergreen closed tree canopy,5052
Mediterranean California Mixed Oak Woodland,Tr Mediterranean California Mixed Oak Woodland,Tree,Hardwood,Western Oak Woodland and Savanna,SAF 246: California Black Oak,Tree-dominated,Open tree canopy,Mixed evergreen-deciduous open tree canopy,40705
Mediterranean California Lower Montane Conifer Forest and Woodland,Tr Mediterranean California Lower Montane Conifer Forest and Woodland,Tree,Conifer,Conifer-Oak Forest and Woodland,SAF 246: California Black Oak,Tree-dominated,Open tree canopy,Evergreen open tree canopy,15043
California Montane Jeffrey Pine-(Ponderosa Pine) Woodland,Tr California Montane Jeffrey Pine(-Ponderosa Pine) Woodland,Tree,Conifer,"Ponderosa Pine Forest, Woodland and Savanna",SAF 247: Jeffrey Pine,Tree-dominated,Open tree canopy,Evergreen open tree canopy,2410
Mediterranean California Red Fir Forest,Tr Mediterranean California Red Fir Forest,Tree,Conifer,Red Fir Forest and Woodland,SAF 207: Red Fir,Tree-dominated,Open tree canopy,Evergreen open tree canopy,4239
Mediterranean California Subalpine Woodland,Tr Mediterranean California Subalpine Woodland,Tree,Conifer,Subalpine Woodland and Parkland,SAF 256: California Mixed Subalpine,Tree-dominated,Open tree canopy,Evergreen open tree canopy,654
Mediterranean California Mesic Serpentine Woodland,Tr Mediterranean California Mesic Serpentine Woodland and Chaparral,Tree,Conifer,Chaparral,SAF 248: Knobcone Pine,Tree-dominated,Open tree canopy,Evergreen open tree canopy,2
Mediterranean California Mixed Evergreen Forest,Tr Mediterranean California Mixed Evergreen Forest,Tree,Conifer,California Mixed Evergreen Forest and Woodland,SAF 234: Douglas-Fir-Tanoak-Pacific Madrone,Tree-dominated,Closed tree canopy,Evergreen closed tree canopy,60971
Northern California Mesic Subalpine Woodland,Tr Northern California Mesic Subalpine Woodland,Tree,Conifer,Mountain Hemlock Forest and Woodland,SAF 205: Mountain Hemlock,Tree-dominated,Open tree canopy,Evergreen open tree canopy,499
Sierra Nevada Subalpine Lodgepole Pine Forest and Woodland,Tr Sierra Nevada Subalpine Lodgepole Pine Forest and Woodland,Tree,Conifer,Lodgepole Pine Forest and Woodland,SAF 218: Lodgepole Pine,Tree-dominated,Closed tree canopy,Evergreen closed tree canopy,1738
Inter-Mountain Basins Curl-leaf Mountain Mahogany Woodland,Tr Inter-Mountain Basins Curl-leaf Mountain Mahogany Woodland and Shrubland,Tree,Conifer,Mountain Mahogany Woodland and Shrubland,SRM 415: Curlleaf Mountain-Mahogany,Tree-dominated,Open tree canopy,Evergreen open tree canopy,75
Sierra Nevada Alpine Dwarf-Shrubland,Sh Sierra Nevada Alpine Dwarf-Shrubland,Shrub,Shrubland,"Alpine Dwarf-Shrubland, Fell-field and Meadow",SRM 213: Alpine Grassland,Shrub-dominated,Dwarf-shrubland,Evergreen dwarf-shrubland,135
Great Basin Xeric Mixed Sagebrush Shrubland,Sh Great Basin Xeric Mixed Sagebrush Shrubland,Shrub,Shrubland,Low Sagebrush Shrubland and Steppe,SRM 406: Low Sagebrush,Shrub-dominated,Shrubland,Mixed evergreen-deciduous shrubland,5030
Inter-Mountain Basins Big Sagebrush Shrubland,Sh Inter-Mountain Basins Big Sagebrush Shrubland,Shrub,Shrubland,Big Sagebrush Shrubland and Steppe,SRM 403: Wyoming Big Sagebrush,Shrub-dominated,Shrubland,Evergreen shrubland,17494
Inter-Mountain Basins Mixed Salt Desert Scrub,Sh Inter-Mountain Basins Mixed Salt Desert Scrub,Shrub,Shrubland,Salt Desert Scrub,SRM 414: Salt Desert Shrub,Shrub-dominated,Shrubland,Evergreen shrubland,574
Mojave Mid-Elevation Mixed Desert Scrub,Sh Mojave Mid-Elevation Mixed Desert Scrub,Shrub,Shrubland,Desert Scrub,SRM 212: Blackbush,Shrub-dominated,Shrubland,Mixed evergreen-deciduous shrubland,2754
Sonora-Mojave Creosotebush-White Bursage Desert Scrub,Sh Sonora-Mojave Creosotebush-White Bursage Desert Scrub,Shrub,Shrubland,Creosotebush Desert Scrub,SRM 506: Creosotebush-Bursage,Shrub-dominated,Shrubland,Mixed evergreen-deciduous shrubland,7940
Sonora-Mojave Mixed Salt Desert Scrub,Sh Sonora-Mojave Mixed Salt Desert Scrub,Shrub,Shrubland,Salt Desert Scrub,SRM 414: Salt Desert Shrub,Shrub-dominated,Shrubland,Evergreen shrubland,523
Southern California Coastal Scrub,Sh Southern California Coastal Scrub,Shrub,Shrubland,Pacific Coastal Scrub,SRM 205: Coastal Sage Shrub,Shrub-dominated,Shrubland,Evergreen shrubland,150790
California Maritime Chaparral,Sh California Maritime Chaparral,Shrub,Shrubland,Chaparral,SRM 208: Ceanothus Mixed Chaparral,Shrub-dominated,Shrubland,Evergreen shrubland,181
California Mesic Chaparral,Sh California Mesic Chaparral,Shrub,Shrubland,Chaparral,SRM 207: Scrub Oak Mixed Chaparral,Shrub-dominated,Shrubland,Evergreen shrubland,12199
California Montane Woodland and Chaparral,Sh California Montane Woodland and Chaparral,Shrub,Shrubland,Chaparral,SRM 209: Montane Shrubland,Shrub-dominated,Shrubland,Evergreen shrubland,2636
California Xeric Serpentine Chaparral,Sh California Xeric Serpentine Chaparral,Shrub,Shrubland,Chaparral,SRM 209: Montane Shrubland,Shrub-dominated,Shrubland,Evergreen shrubland,3
Great Basin Semi-Desert Chaparral,Sh Great Basin Semi-Desert Chaparral,Shrub,Shrubland,Chaparral,SRM 503: Arizona Chaparral,Shrub-dominated,Shrubland,Evergreen shrubland,11
Northern and Central California Dry-Mesic Chaparral,Sh Northern and Central California Dry-Mesic Chaparral,Shrub,Shrubland,Chaparral,SRM 206: Chamise Chaparral,Shrub-dominated,Shrubland,Evergreen shrubland,130958
Sonora-Mojave Semi-Desert Chaparral,Sh Sonora-Mojave Semi-Desert Chaparral,Shrub,Shrubland,Chaparral,SRM 503: Arizona Chaparral,Shrub-dominated,Shrubland,Evergreen shrubland,10
Southern California Dry-Mesic Chaparral,Sh Southern California Dry-Mesic Chaparral,Shrub,Shrubland,Chaparral,SRM 206: Chamise Chaparral,Shrub-dominated,Shrubland,Evergreen shrubland,98062
California Central Valley Mixed Oak Savanna,Tr California Central Valley Mixed Oak Savanna,Tree,Hardwood,Western Oak Woodland and Savanna,SRM 201: Blue Oak Woodland,Tree-dominated,Sparse tree canopy,Deciduous sparse tree canopy,22991
California Coastal Live Oak Woodland and Savanna,Tr California Coastal Live Oak Woodland and Savanna,Tree,Hardwood,Western Oak Woodland and Savanna,SAF 255: California Coast Live Oak,Tree-dominated,Sparse tree canopy,Evergreen sparse tree canopy,96546
California Lower Montane Foothill Pine Woodland and Savanna,Tr California Lower Montane Foothill Pine Woodland and Savanna,Tree,Conifer,Conifer-Oak Forest and Woodland,SAF 250: Blue Oak-Digger Pine,Tree-dominated,Sparse tree canopy,Evergreen sparse tree canopy,147886
Southern California Oak Woodland and Savanna,Tr Southern California Oak Woodland and Savanna,Tree,Hardwood,Western Oak Woodland and Savanna,SAF 255: California Coast Live Oak,Tree-dominated,Sparse tree canopy,Mixed evergreen-deciduous sparse tree canopy,1922
Columbia Plateau Steppe and Grassland,He Columbia Plateau Steppe and Grassland,Herb,Grassland,Grassland and Steppe,SRM 106: Bluegrass Scabland,Herbaceous / Nonvascular-dominated,Herbaceous - shrub-steppe,Perennial graminoid steppe,15
Inter-Mountain Basins Big Sagebrush Steppe,Sh Inter-Mountain Basins Big Sagebrush Steppe,Shrub,Shrubland,Big Sagebrush Shrubland and Steppe,SRM 314: Big Sagebrush-Bluebunch Wheatgrass,Shrub-dominated,Shrubland,Mixed evergreen-deciduous shrubland,113
Inter-Mountain Basins Montane Sagebrush Steppe,Sh Inter-Mountain Basins Montane Sagebrush Steppe,Shrub,Shrubland,Big Sagebrush Shrubland and Steppe,SRM 402: Mountain Big Sagebrush,Shrub-dominated,Shrubland,Mixed evergreen-deciduous shrubland,2698
Inter-Mountain Basins Semi-Desert Shrub-Steppe,Sh Inter-Mountain Basins Semi-Desert Shrub-Steppe,Shrub,Shrubland,Desert Scrub,SRM 403: Wyoming Big Sagebrush,Shrub-dominated,Shrubland,Mixed evergreen-deciduous shrubland,282
Northern California Coastal Scrub,Sh Northern California Coastal Scrub,Shrub,Shrubland,Pacific Coastal Scrub,SRM 204: Northern Coastal Shrub,Shrub-dominated,Shrubland,Mixed evergreen-deciduous shrubland,768
California Central Valley and Southern Coastal Grassland,He California Central Valley and Southern Coastal Grassland,Herb,Grassland,Grassland,SRM 215: Valley Grassland,Herbaceous / Nonvascular-dominated,Herbaceous - grassland,Perennial graminoid grassland,40425
California Mesic Serpentine Grassland,He California Mesic Serpentine Grassland,Herb,Grassland,Grassland,SRM 215: Valley Grassland,Herbaceous / Nonvascular-dominated,Herbaceous - grassland,Perennial graminoid grassland,56
California Northern Coastal Grassland,He California Northern Coastal Grassland,Herb,Grassland,Grassland,SRM 214: Coastal Prairie,Herbaceous / Nonvascular-dominated,Herbaceous - grassland,Perennial graminoid grassland,1451
Inter-Mountain Basins Semi-Desert Grassland,He Inter-Mountain Basins Semi-Desert Grassland,Herb,Grassland,Grassland,SRM 502: Grama-Galetta,Herbaceous / Nonvascular-dominated,Herbaceous - grassland,Perennial graminoid grassland,230
Mediterranean California Subalpine Meadow,He Mediterranean California Subalpine Meadow,Herb,Grassland,"Alpine Dwarf-Shrubland, Fell-field and Meadow",SRM 216: Montane Meadows,Herbaceous / Nonvascular-dominated,Herbaceous - grassland,Perennial graminoid grassland,988
Rocky Mountain Subalpine-Montane Mesic Meadow,He Rocky Mountain Subalpine-Montane Mesic Meadow,Herb,Grassland,"Alpine Dwarf-Shrubland, Fell-field and Meadow",SRM 409: Tall Forb,Herbaceous / Nonvascular-dominated,Herbaceous - grassland,Perennial graminoid grassland,1
Southern Rocky Mountain Montane-Subalpine Grassland,He Southern Rocky Mountain Montane-Subalpine Grassland,Herb,Grassland,Grassland,SRM 410: Alpine Rangeland,Herbaceous / Nonvascular-dominated,Herbaceous - grassland,Perennial graminoid grassland,2
California Central Valley Riparian Woodland,Tr California Central Valley Riparian Woodland and Shrubland,Tree,Riparian,Western Riparian Woodland and Shrubland,SRM 203: Riparian Woodland,Tree-dominated,Open tree canopy,Deciduous open tree canopy,6876
California Central Valley Riparian Shrubland,Tr California Central Valley Riparian Woodland and Shrubland,Shrub,Riparian,Western Riparian Woodland and Shrubland,SRM 203: Riparian Woodland,Shrub-dominated,Shrubland,Deciduous shrubland,726
Inter-Mountain Basins Greasewood Flat,Sh Inter-Mountain Basins Greasewood Flat,Shrub,Shrubland,Greasewood Shrubland,SRM 501: Saltbush-Greasewood,Shrub-dominated,Shrubland,Evergreen shrubland,1105
North Pacific Lowland Riparian Forest,Tr North Pacific Lowland Riparian Forest and Shrubland,Tree,Riparian,Red Alder Forest and Woodland,SAF 222: Black Cottonwood-Willow,Tree-dominated,Open tree canopy,Mixed evergreen-deciduous open tree canopy,83
North Pacific Lowland Riparian Shrubland,Tr North Pacific Lowland Riparian Forest and Shrubland,Shrub,Riparian,Red Alder Forest and Woodland,SAF 222: Black Cottonwood-Willow,Shrub-dominated,Shrubland,Mixed evergreen-deciduous shrubland,517
North Pacific Montane Riparian Woodland,Tr North Pacific Montane Riparian Woodland and Shrubland,Tree,Riparian,Western Riparian Woodland and Shrubland,SAF 222: Black Cottonwood-Willow,Tree-dominated,Open tree canopy,Mixed evergreen-deciduous open tree canopy,2164
North Pacific Montane Riparian Shrubland,Tr North Pacific Montane Riparian Woodland and Shrubland,Shrub,Riparian,Western Riparian Woodland and Shrubland,SAF 222: Black Cottonwood-Willow,Shrub-dominated,Shrubland,Mixed evergreen-deciduous shrubland,139
Sierran-Intermontane Desert Western White Pine-White Fir Woodland,Tr Sierran-Intermontane Desert Western White Pine-White Fir Woodland,Tree,Conifer,Douglas-fir-Grand Fir-White Fir Forest and Woodland,SAF 211: White Fir,Tree-dominated,Open tree canopy,Evergreen open tree canopy,33
California Coastal Closed-Cone Conifer Forest and Woodland,Tr California Coastal Closed-Cone Conifer Forest and Woodland,Tree,Conifer,Conifer-Oak Forest and Woodland,SAF 248: Knobcone Pine,Tree-dominated,Closed tree canopy,Evergreen closed tree canopy,639
Recently Logged-Herb and Grass Cover,He Recently Logged-Herb and Grass Cover,Herb,Grassland,Transitional Herbacous Vegetation,LF 62: Recently Logged - Herbaceous,Herbaceous / Nonvascular-dominated,Herbaceous - grassland,Perennial graminoid grassland,9
Recently Logged-Shrub Cover,Sh Recently Logged-Shrub Cover,Shrub,Shrubland,Transitional Shrub Vegetation,LF 63: Recently Logged - Shrub,Shrub-dominated,Shrubland,Mixed evergreen-deciduous shrubland,47
Recently Logged-Tree Cover,Tr Recently Logged-Tree Cover,Tree,Conifer,Transitional Forest Vegetation,LF 64: Recently Logged - Tree,Tree-dominated,Open tree canopy,Evergreen open tree canopy,87
Recently Burned-Herb and Grass Cover,He Recently Burned-Herb and Grass Cover,Herb,Grassland,Transitional Herbacous Vegetation,LF 66: Recently Burned - Herbaceous,Herbaceous / Nonvascular-dominated,Herbaceous - grassland,Perennial graminoid,1515
Recently Burned-Shrub Cover,Sh Recently Burned-Shrub Cover,Shrub,Shrubland,Transitional Shrub Vegetation,LF 67: Recently Burned - Shrub,Shrub-dominated,Shrubland,Mixed evergreen-deciduous shrubland,1248
Recently Burned-Tree Cover,Tr Recently Burned-Tree Cover,Tree,Conifer,Transitional Forest Vegetation,LF 68: Recently Burned - Tree,Tree-dominated,Open tree canopy,Evergreen open tree canopy,1155
Recently Disturbed Other-Herb and Grass Cover,He Recently Disturbed-Herb and Grass Cover,Herb,Grassland,Transitional Herbacous Vegetation,LF 98: Recently Distrubed Other - Herbaceous,Herbaceous / Nonvascular-dominated,Herbaceous - grassland,Perennial graminoid grassland,3
Recently Disturbed Other-Tree Cover,Tr Recently Disturbed-Tree Cover,Tree,Conifer,Transitional Forest Vegetation,LF 100: Recently Disturbed Other - Tree,Tree-dominated,Open tree canopy,Evergreen open tree canopy,1
Mediterranean California Lower Montane Black Oak Forest and Woodland,Tr Mediterranean California Lower Montane Black Oak Forest and Woodland,Tree,Hardwood,Conifer-Oak Forest and Woodland,SAF 246: California Black Oak,Tree-dominated,Open tree canopy,Deciduous open tree canopy,546
Mediterranean California Lower Montane Black Oak-Conifer Forest and Woodland,Tr Mediterranean California Lower Montane Black Oak - Conifer Forest and Woodland,Tree,Conifer-Hardwood,Conifer-Oak Forest and Woodland,SAF 246: California Black Oak,Tree-dominated,Open tree canopy,Mixed evergreen-deciduous open tree canopy,4970
California Lower Montane Blue Oak Woodland and Savanna,Tr California Lower Montane Blue Oak Forest and Woodland,Tree,Hardwood,Conifer-Oak Forest and Woodland,SAF 250: Blue Oak-Digger Pine,Tree-dominated,Sparse tree canopy,Deciduous sparse tree canopy,4265
California Lower Montane Blue Oak-Foothill Pine Woodland and Savanna,Tr California Lower Montane Blue Oak-Foothill Pine Forest and Woodland,Tree,Conifer-Hardwood,Conifer-Oak Forest and Woodland,SAF 250: Blue Oak-Digger Pine,Tree-dominated,Sparse tree canopy,Mixed evergreen-deciduous sparse tree canopy,17284
Open Water,Ba Open Water,Water,Open Water,Open Water,LF 11: Water,Non-vegetated,Non-vegetated,Non-vegetated,11848
Quarries-Strip Mines-Gravel Pits-Well and Wind Pads,Bab Quarries-Strip Mines-Gravel Pits-Well and Wind Pads,Barren,Quarries-Strip Mines-Gravel Pits-Well and Wind Pads,Quarries-Strip Mines-Gravel Pits-Well and Wind Pads,LF 20: Developed,Non-vegetated,Non-vegetated,Developed,229
Developed-Low Intensity,Bau Developed-Low Intensity,Developed,Developed-Low Intensity,Developed-Low Intensity,LF 20: Developed,No Dominant Lifeform,No Dominant Lifeform,Developed,1266
Developed-Medium Intensity,Bau Developed-Medium Intensity,Developed,Developed-Medium Intensity,Developed-Medium Intensity,LF 20: Developed,No Dominant Lifeform,No Dominant Lifeform,Developed,341
Developed-High Intensity,Bau Developed-High Intensity,Developed,Developed-High Intensity,Developed-High Intensity,LF 20: Developed,No Dominant Lifeform,No Dominant Lifeform,Developed,34
Developed-Roads,Bau Developed-Roads,Developed,Developed-Roads,Developed-Roads,LF 20: Developed,No Dominant Lifeform,No Dominant Lifeform,Developed,17128
Temperate Pacific Freshwater Emergent Marsh,He Temperate Pacific Freshwater Emergent Marsh,Herb,Riparian,Freshwater Marsh,SRM 909: Freshwater Marsh,Herbaceous / Nonvascular-dominated,Herbaceous - grassland,Perennial graminoid,43972
Temperate Pacific Tidal Salt and Brackish Marsh,He Temperate Pacific Tidal Salt and Brackish Marsh,Herb,Riparian,Tidal Marsh,LF 50: Tidal Flats and Marshes,Herbaceous / Nonvascular-dominated,Herbaceous - grassland,Perennial graminoid,803
Western Cool Temperate Urban Deciduous Forest,Dtd Urban Deciduous Forest,Tree,Developed,Developed-Upland Deciduous Forest,LF 20: Developed,Tree-dominated,Open tree canopy,Deciduous open tree canopy,688
Western Cool Temperate Urban Evergreen Forest,Dtc Urban Evergreen Forest,Tree,Developed,Developed-Upland Evergreen Forest,LF 20: Developed,Tree-dominated,Open tree canopy,Evergreen open tree canopy,3759
Western Cool Temperate Urban Mixed Forest,Dtm Urban Mixed Deciduous-Evergreen Forest,Tree,Developed,Developed-Upland Mixed Forest,LF 20: Developed,Tree-dominated,Open tree canopy,Mixed evergreen-deciduous open tree canopy,366
Western Cool Temperate Urban Herbaceous,Dgr Urban Herbaceous,Herb,Developed,Developed-Upland Herbaceous,LF 20: Developed,Herbaceous / Nonvascular-dominated,Herbaceous - grassland,Perennial graminoid,312
Western Cool Temperate Urban Shrubland,Dsh Urban Shrubland,Shrub,Developed,Developed-Upland Shrubland,LF 20: Developed,Shrub-dominated,Shrubland,Mixed evergreen-deciduous shrubland,259
Western Warm Temperate Urban Deciduous Forest,Dtd Urban Deciduous Forest,Tree,Developed,Developed-Upland Deciduous Forest,LF 20: Developed,Tree-dominated,Open tree canopy,Deciduous open tree canopy,414
Western Warm Temperate Urban Evergreen Forest,Dtc Urban Evergreen Forest,Tree,Developed,Developed-Upland Evergreen Forest,LF 20: Developed,Tree-dominated,Open tree canopy,Evergreen open tree canopy,767
Western Warm Temperate Urban Mixed Forest,Dtm Urban Mixed Deciduous-Evergreen Forest,Tree,Developed,Developed-Upland Mixed Forest,LF 20: Developed,Tree-dominated,Open tree canopy,Mixed evergreen-deciduous open tree canopy,769
Western Warm Temperate Urban Herbaceous,Dgr Urban Herbaceous,Herb,Developed,Developed-Upland Herbaceous,LF 20: Developed,Herbaceous / Nonvascular-dominated,Herbaceous - grassland,Perennial graminoid,2578
Western Warm Temperate Urban Shrubland,Dsh Urban Shrubland,Shrub,Developed,Developed-Upland Shrubland,LF 20: Developed,Shrub-dominated,Shrubland,Mixed evergreen-deciduous shrubland,2221
Western Cool Temperate Developed Ruderal Deciduous Forest,Dtd Developed Ruderal Deciduous Forest,Tree,Developed,Developed-Upland Deciduous Forest,LF 20: Developed,Tree-dominated,Open tree canopy,Deciduous open tree canopy,1
Western Cool Temperate Developed Ruderal Evergreen Forest,Dtc Developed Ruderal Evergreen Forest,Tree,Developed,Developed-Upland Evergreen Forest,LF 20: Developed,Tree-dominated,Open tree canopy,Evergreen open tree canopy,112
Western Cool Temperate Developed Ruderal Mixed Forest,Dtm Developed Ruderal Deciduous-Evergreen Forest,Tree,Developed,Developed-Upland Mixed Forest,LF 20: Developed,Tree-dominated,Open tree canopy,Mixed evergreen-deciduous open tree canopy,18
Western Cool Temperate Developed Ruderal Shrubland,Dsh Developed Ruderal Shrubland,Shrub,Developed,Developed-Upland Shrubland,LF 20: Developed,Shrub-dominated,Shrubland,Mixed evergreen-deciduous shrubland,426
Western Cool Temperate Developed Ruderal Grassland,Dgr Developed Ruderal Grassland,Herb,Developed,Developed-Upland Herbaceous,LF 20: Developed,Herbaceous / Nonvascular-dominated,Herbaceous - grassland,Perennial graminoid,2685
Western Warm Temperate Developed Ruderal Deciduous Forest,Dtd Developed Ruderal Deciduous Forest,Tree,Developed,Developed-Upland Deciduous Forest,LF 20: Developed,Tree-dominated,Open tree canopy,Deciduous open tree canopy,63
Western Warm Temperate Developed Ruderal Evergreen Forest,Dtc Developed Ruderal Evergreen Forest,Tree,Developed,Developed-Upland Evergreen Forest,LF 20: Developed,Tree-dominated,Open tree canopy,Evergreen open tree canopy,82
Western Warm Temperate Developed Ruderal Mixed Forest,Dtm Developed Ruderal Deciduous-Evergreen Forest,Tree,Developed,Developed-Upland Mixed Forest,LF 20: Developed,Tree-dominated,Open tree canopy,Mixed evergreen-deciduous open tree canopy,49
Western Warm Temperate Developed Ruderal Shrubland,Dsh Developed Ruderal Shrubland,Shrub,Developed,Developed-Upland Shrubland,LF 20: Developed,Shrub-dominated,Shrubland,Mixed evergreen-deciduous shrubland,547
Western Warm Temperate Developed Ruderal Grassland,Dgr Developed Ruderal Grassland,Herb,Developed,Developed-Upland Herbaceous,LF 20: Developed,Herbaceous / Nonvascular-dominated,Herbaceous - grassland,Perennial graminoid,1398
Western Cool Temperate Developed Ruderal Mixed Forested Wetland,Dtm Developed Ruderal Deciduous-Evergreen Forested Wetland,Tree,Developed,Developed-Wetland Mixed Forest,LF 20: Developed,Tree-dominated,Open tree canopy,Mixed evergreen-deciduous open tree canopy,20
Western Cool Temperate Developed Ruderal Shrub Wetland,Dsh Developed Ruderal Shrub Wetland,Shrub,Developed,Developed-Wetland Shrubland,LF 20: Developed,Shrub-dominated,Shrubland,Mixed evergreen-deciduous shrubland,621
Western Cool Temperate Developed Ruderal Herbaceous Wetland,Dgr Developed Ruderal Herbaceous Wetland,Herb,Developed,Developed-Wetland Herbaceous,LF 20: Developed,Herbaceous / Nonvascular-dominated,Herbaceous - grassland,Perennial graminoid,310
Western Warm Temperate Developed Ruderal Deciduous Forested Wetland,Dtd Developed Ruderal Deciduous Forested Wetland,Tree,Developed,Developed-Wetland Mixed Forest,LF 20: Developed,Tree-dominated,Open tree canopy,Deciduous open tree canopy,2
Western Warm Temperate Developed Ruderal Mixed Forested Wetland,Dtm Developed Ruderal Deciduous-Evergreen Forested Wetland,Tree,Developed,Developed-Wetland Mixed Forest,LF 20: Developed,Tree-dominated,Open tree canopy,Mixed evergreen-deciduous open tree canopy,54
Western Warm Temperate Developed Ruderal Shrub Wetland,Dsh Developed Ruderal Shrub Wetland,Shrub,Developed,Developed-Wetland Shrubland,LF 20: Developed,Shrub-dominated,Shrubland,Mixed evergreen-deciduous shrubland,210
Western Warm Temperate Developed Ruderal Herbaceous Wetland,Dgr Developed Ruderal Herbaceous Wetland,Herb,Developed,Developed-Wetland Herbaceous,LF 20: Developed,Herbaceous / Nonvascular-dominated,Herbaceous - grassland,Perennial graminoid,217
Western Cool Temperate Vineyard,Da Vineyard,Agriculture,Agricultural,Agricultural-Vineyard,LF 80: Agriculture,Shrub-dominated,Shrubland,Mixed evergreen-deciduous shrubland,11
Western Cool Temperate Row Crop,Da Row Crop,Agriculture,Agricultural,Agricultural-Row Crop,LF 80: Agriculture,Herbaceous / Nonvascular-dominated,Herbaceous - grassland,Annual Graminoid/Forb,56
Western Cool Temperate Close Grown Crop,Da Close Grown Crop,Agriculture,Agricultural,Agricultural-Close Grown Crop,LF 80: Agriculture,Herbaceous / Nonvascular-dominated,Herbaceous - grassland,Annual Graminoid/Forb,1638
Western Cool Temperate Fallow/Idle Cropland,Dab Fallow/Idle Cropland,Herb,Agricultural,Agricultural-Fallow/Idle Cropland,LF 80: Agriculture,Herbaceous / Nonvascular-dominated,Herbaceous - grassland,Annual Graminoid/Forb,590
Western Cool Temperate Pasture and Hayland,Dab Pasture and Hayland,Herb,Agricultural,Agricultural-Pasture and Hayland,LF 80: Agriculture,Herbaceous / Nonvascular-dominated,Herbaceous - grassland,Annual Graminoid/Forb,6464
Western Warm Temperate Orchard,Dab Orchard,Tree,Agricultural,Agricultural-Orchard,LF 80: Agriculture,Tree-dominated,Open tree canopy,Deciduous open tree canopy,5979
Western Warm Temperate Vineyard,Da Vineyard,Agriculture,Agricultural,Agricultural-Vineyard,LF 80: Agriculture,Shrub-dominated,Shrubland,Mixed evergreen-deciduous shrubland,251
Western Warm Temperate Row Crop - Close Grown Crop,Da Row Crop - Close Grown Crop,Agriculture,Agricultural,Agricultural-Row Crop-Close Grown Crop,LF 80: Agriculture,Herbaceous / Nonvascular-dominated,Herbaceous - grassland,Annual Graminoid/Forb,2
Western Warm Temperate Row Crop,Da Row Crop,Agriculture,Agricultural,Agricultural-Row Crop,LF 80: Agriculture,Herbaceous / Nonvascular-dominated,Herbaceous - grassland,Annual Graminoid/Forb,46486
Western Warm Temperate Close Grown Crop,Da Close Grown Crop,Agriculture,Agricultural,Agricultural-Close Grown Crop,LF 80: Agriculture,Herbaceous / Nonvascular-dominated,Herbaceous - grassland,Annual Graminoid/Forb,3627
Western Warm Temperate Fallow/Idle Cropland,Dab Fallow/Idle Cropland,Herb,Agricultural,Agricultural-Fallow/Idle Cropland,LF 80: Agriculture,Herbaceous / Nonvascular-dominated,Herbaceous - grassland,Annual Graminoid/Forb,9507
Western Warm Temperate Pasture and Hayland,Dab Pasture and Hayland,Herb,Agricultural,Agricultural-Pasture and Hayland,LF 80: Agriculture,Herbaceous / Nonvascular-dominated,Herbaceous - grassland,Annual Graminoid/Forb,11037
Western Warm Temperate Wheat,Da Wheat,Agriculture,Agricultural,Agricultural-Wheat,LF 80: Agriculture,Herbaceous / Nonvascular-dominated,Herbaceous - grassland,Annual Graminoid/Forb,6608
Western Warm Temperate Aquaculture,Da Aquaculture,Agriculture,Agricultural,Agricultual-Aquaculture,LF 80: Agriculture,Herbaceous / Nonvascular-dominated,Herbaceous - grassland,Annual Graminoid/Forb,47
Great Basin Foothill and Lower Montane Riparian Woodland,Tr Inter-Mountain Basins Montane Riparian Systems,Tree,Riparian,Western Riparian Woodland and Shrubland,SAF 235: Cottonwood-Willow,Tree-dominated,Open tree canopy,Mixed evergreen-deciduous open tree canopy,519
Inter-Mountain Basins Alkaline Closed Depression,He Inter-Mountain Basins Alkaline Closed Depression,Herb,Riparian,Depressional Wetland,LF 56: Western Herbaceous Wetland,Herbaceous / Nonvascular-dominated,Herbaceous - grassland,Perennial graminoid grassland,586
Inter-Mountain Basins Cliff and Canyon,Sps Inter-Mountain Basins Sparsely Vegetated Systems,Sparse,Sparsely Vegetated,Sparse Vegetation,LF 33: Sparsely Vegetated,No Dominant Lifeform,Sparsely vegetated,Sparsely vegetated,972
Inter-Mountain Basins Playa,Sps Inter-Mountain Basins Sparsely Vegetated Systems,Sparse,Sparsely Vegetated,Sparse Vegetation,LF 33: Sparsely Vegetated,No Dominant Lifeform,Sparsely vegetated,Sparsely vegetated,837
Inter-Mountain Basins Wash,Sps Inter-Mountain Basins Sparsely Vegetated Systems,Sparse,Sparsely Vegetated,Sparse Vegetation,LF 33: Sparsely Vegetated,No Dominant Lifeform,Sparsely vegetated,Sparsely vegetated,155
North American Arid West Emergent Marsh,He North American Arid West Emergent Marsh,Herb,Riparian,Freshwater Marsh,LF 56: Western Herbaceous Wetland,Herbaceous / Nonvascular-dominated,Herbaceous - grassland,Perennial graminoid grassland,4292
Rocky Mountain Alpine-Montane Wet Meadow,He Rocky Mountain Alpine-Montane Wet Meadow,Herb,Riparian,Western Herbaceous Wetland,SRM 422: Riparian,Herbaceous / Nonvascular-dominated,Herbaceous - grassland,Perennial graminoid grassland,171
Rocky Mountain Subalpine-Montane Riparian Shrubland,Tr Rocky Mountain Subalpine/Upper Montane Riparian Systems,Shrub,Riparian,Western Riparian Woodland and Shrubland,SRM 422: Riparian,Shrub-dominated,Shrubland,Mixed evergreen-deciduous shrubland,1
Rocky Mountain Subalpine-Montane Riparian Woodland,Tr Rocky Mountain Subalpine/Upper Montane Riparian Systems,Tree,Riparian,Western Riparian Woodland and Shrubland,SRM 422: Riparian,Tree-dominated,Open tree canopy,Mixed evergreen-deciduous open tree canopy,20
North American Warm Desert Riparian Woodland,Tr North American Warm Desert Riparian Systems,Tree,Riparian,Western Riparian Woodland and Shrubland,SRM 203: Riparian Woodland,Tree-dominated,Open tree canopy,Deciduous open tree canopy,229
Central California Coast Ranges Cliff and Canyon,Sps Mediterranean California Sparsely Vegetated Systems,Sparse,Sparsely Vegetated,Sparse Vegetation,LF 33: Sparsely Vegetated,No Dominant Lifeform,Sparsely vegetated,Sparsely vegetated,4413
Klamath-Siskiyou Cliff and Outcrop,Sps Mediterranean California Sparsely Vegetated Systems,Sparse,Sparsely Vegetated,Sparse Vegetation,LF 33: Sparsely Vegetated,No Dominant Lifeform,Sparsely vegetated,Sparsely vegetated,4
Mediterranean California Alpine Bedrock and Scree,Sps Mediterranean California Sparsely Vegetated Systems,Sparse,Sparsely Vegetated,Sparse Vegetation,LF 33: Sparsely Vegetated,No Dominant Lifeform,Sparsely vegetated,Sparsely vegetated,21
Mediterranean California Foothill and Lower Montane Riparian Woodland,Tr California Montane Riparian Systems,Tree,Riparian,Western Riparian Woodland and Shrubland,SRM 203: Riparian Woodland,Tree-dominated,Open tree canopy,Mixed evergreen-deciduous open tree canopy,11078
Mediterranean California Northern Coastal Dune,Sps Pacific Coastal Dunes and Other Sparsely Vegetated Systems,Sparse,Sparsely Vegetated,Sparse Vegetation,LF 33: Sparsely Vegetated,No Dominant Lifeform,Sparsely vegetated,Sparsely vegetated,105
Mediterranean California Serpentine Foothill and Lower Montane Riparian Woodland and Seep,Tr California Montane Riparian Systems,Tree,Riparian,Western Riparian Woodland and Shrubland,SRM 203: Riparian Woodland,Tree-dominated,Open tree canopy,Mixed evergreen-deciduous open tree canopy,2
Mediterranean California Southern Coastal Dune,Sps Pacific Coastal Dunes and Other Sparsely Vegetated Systems,Sparse,Sparsely Vegetated,Sparse Vegetation,LF 33: Sparsely Vegetated,No Dominant Lifeform,Sparsely vegetated,Sparsely vegetated,909
North American Warm Desert Badland,Sps North American Warm Desert Sparsely Vegetated Systems,Sparse,Sparsely Vegetated,Sparse Vegetation,LF 33: Sparsely Vegetated,No Dominant Lifeform,Sparsely vegetated,Sparsely vegetated,271
North American Warm Desert Bedrock Cliff and Outcrop,Sps North American Warm Desert Sparsely Vegetated Systems,Sparse,Sparsely Vegetated,Sparse Vegetation,LF 33: Sparsely Vegetated,No Dominant Lifeform,Sparsely vegetated,Sparsely vegetated,181
North American Warm Desert Cienega,Tr North American Warm Desert Riparian Systems,Herb,Riparian,Western Herbaceous Wetland,LF 56: Western Herbaceous Wetland,Herbaceous / Nonvascular-dominated,Herbaceous - grassland,Perennial graminoid,275
North American Warm Desert Pavement,Sps North American Warm Desert Sparsely Vegetated Systems,Sparse,Sparsely Vegetated,Sparse Vegetation,LF 33: Sparsely Vegetated,No Dominant Lifeform,Sparsely vegetated,Sparsely vegetated,1350
North American Warm Desert Playa,Sps North American Warm Desert Sparsely Vegetated Systems,Sparse,Sparsely Vegetated,Sparse Vegetation,LF 33: Sparsely Vegetated,No Dominant Lifeform,Sparsely vegetated,Sparsely vegetated,882
North American Warm Desert Riparian Mesquite Bosque Woodland,Tr North American Warm Desert Riparian Systems,Tree,Riparian,Western Riparian Woodland and Shrubland,SRM 203: Riparian Woodland,Tree-dominated,Open tree canopy,Deciduous open tree canopy,1
North American Warm Desert Wash Woodland,Tr North American Warm Desert Riparian Systems,Tree,Riparian,Western Riparian Woodland and Shrubland,SRM 203: Riparian Woodland,Tree-dominated,Open tree canopy,Deciduous open tree canopy,3
North Pacific Active Volcanic Rock and Cinder Land,Sps North Pacific Sparsely Vegetated Systems,Sparse,Sparsely Vegetated,Sparse Vegetation,LF 33: Sparsely Vegetated,No Dominant Lifeform,Sparsely vegetated,Sparsely vegetated,90
Sierra Nevada Cliff and Canyon,Sps Mediterranean California Sparsely Vegetated Systems,Sparse,Sparsely Vegetated,Sparse Vegetation,LF 33: Sparsely Vegetated,No Dominant Lifeform,Sparsely vegetated,Sparsely vegetated,2980
Southern California Coast Ranges Cliff and Canyon,Sps Mediterranean California Sparsely Vegetated Systems,Sparse,Sparsely Vegetated,Sparse Vegetation,LF 33: Sparsely Vegetated,No Dominant Lifeform,Sparsely vegetated,Sparsely vegetated,7349
Temperate Pacific Subalpine-Montane Wet Meadow,He Temperate Pacific Subalpine-Montane Wet Meadow,Herb,Riparian,Inland Marshes and Prairies,SRM 217: Wetlands,Herbaceous / Nonvascular-dominated,Herbaceous - grassland,Perennial graminoid grassland,6133
California Ruderal Grassland and Meadow,Sh California Ruderal Grassland Meadow & Scrub,Herb,Exotic Herbaceous,Introduced Annual and Biennial Forbland,LF 54: Introduced Upland Vegetation - Herbaceous,Herbaceous / Nonvascular-dominated,Herbaceous - grassland,Annual Graminoid/Forb,527783
Californian Ruderal Forest,Tr Californian Ruderal Forest,Tree,Exotic Tree-Shrub,Introduced Upland Vegetation-Treed,LF 53: Ruderal Forest,Tree-dominated,Open tree canopy,Mixed evergreen-deciduous open tree canopy,36059
Great Basin & Intermountain Introduced Annual and Biennial Forbland,He Great Basin & Intermountain Introduced Annual and Biennial Forbland,Herb,Exotic Herbaceous,Introduced Annual and Biennial Forbland,LF 54: Introduced Upland Vegetation - Herbaceous,Herbaceous / Nonvascular-dominated,Herbaceous - grassland,Annual Graminoid/Forb,375
Great Basin & Intermountain Introduced Annual Grassland,He Great Basin & Intermountain Introduced Annual Grassland,Herb,Exotic Herbaceous,Introduced Annual Grassland,LF 54: Introduced Upland Vegetation - Herbaceous,Herbaceous / Nonvascular-dominated,Herbaceous - grassland,Annual Graminoid/Forb,664
Great Basin & Intermountain Introduced Perennial Grassland and Forbland,He Great Basin & Intermountain Introduced Perennial Grassland and Forbland,Herb,Exotic Herbaceous,Introduced Perennial Grassland and Forbland,LF 54: Introduced Upland Vegetation - Herbaceous,Herbaceous / Nonvascular-dominated,Herbaceous - grassland,Perennial graminoid grassland,417
North American Warm Desert Ruderal & Planted Scrub,Sh North American Warm Desert Ruderal & Planted Scrub & Grassland,Shrub,Exotic Tree-Shrub,Introduced Upland Vegetation-Shrub,LF 52: Introduced Upland Vegetation - Shrub,Shrub-dominated,Shrubland,Mixed evergreen-deciduous shrubland,322
Interior West Ruderal Riparian Forest,Tr Interior West Ruderal Riparian Forest & Scrub,Tree,Riparian,Introduced Riparian Vegetation,LF 58: Introduced Woody Wetlands and Riparian Vegetation,Tree-dominated,Open tree canopy,Mixed evergreen-deciduous open tree canopy,266
Interior Western North American Temperate Ruderal Shrubland,Sh Interior Western North American Temperate Ruderal Grassland & Shrubland,Shrub,Exotic Tree-Shrub,Introduced Upland Vegetation-Shrub,LF 52: Introduced Upland Vegetation - Shrub,Shrub-dominated,Shrubland,Mixed evergreen-deciduous shrubland,371
Western North American Ruderal Wet Shrubland,Sh Western North American Ruderal Wet Shrubland Meadow & Marsh,Shrub,Riparian,Introduced Woody Wetland Vegetation,LF 58: Introduced Woody Wetlands and Riparian Vegetation,Shrub-dominated,Shrubland,Mixed evergreen-deciduous shrubland,2465
Great Basin & Intermountain Ruderal Shrubland,Sh Great Basin & Intermountain Ruderal Shrubland,Shrub,Exotic Tree-Shrub,Introduced Upland Vegetation-Shrub,LF 52: Introduced Upland Vegetation - Shrub,Shrub-dominated,Shrubland,Mixed evergreen-deciduous shrubland,1699
California Ruderal Scrub,Sh California Ruderal Grassland Meadow & Scrub,Shrub,Exotic Tree-Shrub,Introduced Upland Vegetation-Shrub,LF 52: Introduced Upland Vegetation - Shrub,Shrub-dominated,Shrubland,Mixed evergreen-deciduous shrubland,60596
Great Basin Foothill and Lower Montane Riparian Shrubland,Tr Inter-Mountain Basins Montane Riparian Systems,Shrub,Riparian,Western Riparian Woodland and Shrubland,SAF 235: Cottonwood-Willow,Shrub-dominated,Shrubland,Mixed evergreen-deciduous shrubland,3168
Great Basin Foothill and Lower Montane Riparian Herbaceous,Tr Inter-Mountain Basins Montane Riparian Systems,Herb,Riparian,Western Riparian Woodland and Shrubland,SAF 235: Cottonwood-Willow,Herbaceous / Nonvascular-dominated,Herbaceous - grassland,Perennial graminoid,30
North American Warm Desert Riparian Herbaceous,Tr North American Warm Desert Riparian Systems,Herb,Riparian,Western Herbaceous Wetland,LF 56: Western Herbaceous Wetland,Herbaceous / Nonvascular-dominated,Herbaceous - grassland,Perennial graminoid,27
North American Warm Desert Riparian Shrubland,Tr North American Warm Desert Riparian Systems,Shrub,Riparian,Western Riparian Woodland and Shrubland,SRM 203: Riparian Woodland,Shrub-dominated,Shrubland,Deciduous shrubland,174
North American Warm Desert Lower Montane Riparian Shrubland,Tr North American Warm Desert Riparian Systems,Shrub,Riparian,Western Riparian Woodland and Shrubland,SRM 203: Riparian Woodland,Shrub-dominated,Shrubland,Deciduous shrubland,20
Mediterranean California Foothill and Lower Montane Riparian Shrubland,Tr California Montane Riparian Systems,Shrub,Riparian,Western Riparian Woodland and Shrubland,SRM 203: Riparian Woodland,Shrub-dominated,Shrubland,Mixed evergreen-deciduous shrubland,4635
North American Warm Desert Riparian Mesquite Bosque Shrubland,Tr North American Warm Desert Riparian Systems,Shrub,Riparian,Western Riparian Woodland and Shrubland,SRM 203: Riparian Woodland,Shrub-dominated,Shrubland,Deciduous shrubland,1
North American Warm Desert Wash Shrubland,Tr North American Warm Desert Riparian Systems,Shrub,Riparian,Western Riparian Woodland and Shrubland,SRM 203: Riparian Woodland,Shrub-dominated,Shrubland,Mixed evergreen-deciduous shrubland,3
North American Warm Desert Ruderal & Planted Grassland,Sh North American Warm Desert Ruderal & Planted Scrub & Grassland,Herb,Exotic Herbaceous,Introduced Perennial Grassland and Forbland,LF 54: Introduced Upland Vegetation - Herbaceous,Herbaceous / Nonvascular-dominated,Herbaceous - grassland,Perennial graminoid grassland,546
Interior West Ruderal Riparian Scrub,Tr Interior West Ruderal Riparian Forest & Scrub,Shrub,Riparian,Introduced Riparian Vegetation,LF 58: Introduced Woody Wetlands and Riparian Vegetation,Shrub-dominated,Shrubland,Mixed evergreen-deciduous shrubland,484
Interior Western North American Temperate Ruderal Grassland,Sh Interior Western North American Temperate Ruderal Grassland & Shrubland,Herb,Exotic Herbaceous,Introduced Perennial Grassland and Forbland,LF 54: Introduced Upland Vegetation - Herbaceous,Herbaceous / Nonvascular-dominated,Herbaceous - grassland,Perennial graminoid grassland,3106
Western North American Ruderal Wet Meadow & Marsh,Sh Western North American Ruderal Wet Shrubland Meadow & Marsh,Herb,Riparian,Introduced Herbaceous Wetland Vegetation,LF 59: Introduced Herbaceous Wetland and Riparian Vegetation,Herbaceous / Nonvascular-dominated,Herbaceous - grassland,Perennial graminoid grassland,32532
